Index,Sequences,Prediction,Confidence
1.0,AGCCCTGCCCGGGAATCGGATGGAGGCTGCTCTCAGCTCCT,m5U,98.95%
2.0,ACAACCTTTGAATTGCTCTATTCGTCACTAGAAGTCCAATG,m5U,97.6%
3.0,GTCAGGGGCACCGCTGGGATTAGAAACCTGGTCCCTTGACA,m5U,100.0%
4.0,CCTCTCAAACAGGATGAGCATCTCACAGTGCGGGGTCTGCG,m5U,97.47%
5.0,TTCACTGTCGGAAGTGGGATTGATCGAATGTTTGCCGTCTC,m5U,100.0%
6.0,CACCCAACGTGGGGCTCGAATCCAGGTTGAAGGGTTGCCAG,m5U,99.59%
7.0,TAAGCACACAGCCCCTTCACTCTTCCCGGCCCATGCACCAG,m5U,97.62%
8.0,GCCTGAAGATCCTGAACCGCTGGTCATCAGTGAAGTCCTTC,m5U,97.58%
9.0,CCTCCTAGAGCTCCACAGCCTTTCAACCCCCAGCACCTCCC,m5U,97.82%
10.0,ACTGCAGATCAAGAGGTCCCTGGTTCAAATCCAGGTGCCCC,m5U,97.64%
11.0,TTGGCCTCCTAAGCCAGGGATTGTGGGTTCGAGTCCCACCC,m5U,97.48%
12.0,TTTAATCTGAGGGTCCAGGGTTCAAGTCCCTGTTCAGGCGA,m5U,97.58%
13.0,TCTTTAAACATGGGATCGAATTAATGAAATCTAGAAATAAT,m5U,97.57%
14.0,CGCGGGAGACCGGGGTTCGATTCCCCGACGGGGAGACGAAG,m5U,98.91%
15.0,TGAAAGAGAAAATATATTCATACCCCACTCCTGTTAGCTTC,m5U,97.67%
16.0,AGATGTAGAGAGCATAAGCTTTGCTCTGGAAGCAAGGGATT,Non-m5U,97.12%
17.0,GATGAGATTTTTTAAAATATTGAACTGAAGCTAGAGACTGT,Non-m5U,99.85%
18.0,TTTTATGTTTAGCTATCAACTCTTTAAACACAGGAAGCCTA,Non-m5U,98.45%
19.0,CAAATGGAGAGCTGAGGTTTTAGCCTGGCCTGGTAAGTTCT,Non-m5U,97.17%
20.0,TGTAGATATGATTCCTTCATTTATCTCTTTGTAGATCCTAA,Non-m5U,96.98%
21.0,GTGTTAGGCTACCTAGATCTTGTAATATATAGGCATATATA,Non-m5U,99.29%
22.0,CAATGGGTGGAGGCATCTATTCATCCATCTTGCTTCATCTC,Non-m5U,96.98%
23.0,GTATGCTATGAGTTATTTCCTGTAATGATGATAGTTTTTTG,Non-m5U,99.9%
24.0,CTGACCACACCTTGGGGCCTTGTTAAAGCCTGGCTTCAAGG,Non-m5U,97.08%
25.0,GCAGCTGTAATAGTACAAGTTCTTGGTGAGGAAGCATGATC,Non-m5U,99.04%
26.0,CACTGATAGTGAAGTTGTATTGTCAAAATACTTTGATCAGA,Non-m5U,96.96%
27.0,TTTTGTTTTGTTTTGTTTTATTTTGAGATGGAGTCTTGCAC,Non-m5U,99.77%
28.0,GCGATTCTTCTGCCTCAGCCTCCCAAGTATCTGGGACTACA,Non-m5U,97.16%
29.0,GAGCTTGCAGTGAGCCGAGATCCCGCCACTGCACTCCAGCC,Non-m5U,97.16%
30.0,CCTGGGGTGCTTTTAAAATCTAAATCTTTATCACCTCTCTG,Non-m5U,97.06%
